{"version":1,"hash":{"type":"Buffer","data":"Za8cDfJoDnkTQBTY/tPSwbVDeji1WTawU0Cv/2ji4BudOnWp4uHV7w97SHAkGiBWWzhVBVbd+jQzUkXrl3D8X7BuchznT+yhkpEnS1Mo3otpqPKSaJvXO35A+WeyJkfIak+8Am0tI17dNwryWvwueEiufXiqST8GJXQfby5qsIs="},"indexValueMap":{"sPk6lT5NoMt/zOvoQVyCXlgxfridAO4afeHexJKo/Zg=":{"valueMac":{"type":"Buffer","data":"1My6Hv0DD3pc+MzM2y6aSgVKPdiEjp+g40Q0BZJwuMs="}},"NRoRnYiJ5iiQ+YvMAv9gdXWhEYErvIG6PQZhAHh1aOo=":{"valueMac":{"type":"Buffer","data":"iFxQdVZK+OESioVfQk39eFzXfw5GPTvpjurE3/J24w8="}},"A0H/lqOeh6isNPD2JLazZmWMvJSXY/9Gh3lvm3ScKAQ=":{"valueMac":{"type":"Buffer","data":"UKv4RY9BYhzxDXkZsaOpahBYpvmIWICFWjzqSDCF26Q="}},"2JNOVTHw6kUcTKxrEj4rDvGAMFmQzo2eqnCiMoniJ8o=":{"valueMac":{"type":"Buffer","data":"rBdMdB6x8f5Srf+Vnvmb5wbSuzGbR4IAJD3fhZNvNpc="}},"Q8Fkgl8GeaYSdggxmgF233yd31+G/wo3Qtjdfpza0Ws=":{"valueMac":{"type":"Buffer","data":"FmFvZ7J1asgwQoKBNQ+BkOBsTXt9CMsfBrTAqMSpeVM="}},"q+DPxFXFBnyBDHoxa3sqw2aLJEK18Pfxf6O1tVCg12c=":{"valueMac":{"type":"Buffer","data":"l0i8NFGC1HzHE3xa8ZvS1SS2j6QuhG6cOZWvJIh8Rgo="}},"hHVPWYbRK8Ri0xAwzRMFlQf5Qw0MTEU2nf4hSV5/VE0=":{"valueMac":{"type":"Buffer","data":"mzZXRzZP5JDOOnjQECmS55VjnOo4rBI4RqaWGwOYEEM="}},"CTRppntXcL/H+hDJ/w2mTLVI5LhipChkFPCVAS/WGaM=":{"valueMac":{"type":"Buffer","data":"NJYUSsKLOmsm8f/rDviacrs8wH3XG5lUVHxNcvTVTmE="}},"vp87ZBvio2NX+7EGOE1s6o2T16MADxa5PQiwgUwzQj4=":{"valueMac":{"type":"Buffer","data":"GCbLTK2ut8XIGfqwyLR2zv+eqwGCsaruwDlpqWR/nWk="}},"M+oDTLU5UMlAlqWewQaDuwaFW3CUap9Z3G0XRzRjafM=":{"valueMac":{"type":"Buffer","data":"VCy9rRv0mFjJTBif3B5uHTSAWivrWqBVFa2Ci7bElhU="}},"1TWtFbkM3sqjvmkpnTyadqPGkzbgbAPR0sAIoeAxNNo=":{"valueMac":{"type":"Buffer","data":"c39SxGKopKOjwsX0MKnrid82iTtbebsa1iDeckNBhlY="}},"EDP4OE2gUJakuWtMPpPQoMC28xG2qm1M4SX4A+pcAL4=":{"valueMac":{"type":"Buffer","data":"F3fmagIrApQp+8VfCL+kyXb7oydn3FeUmNv8iZ1P+Ts="}},"VZQcIQdGtRBXZKk+5HJBzV2d4y3Og4JGZzeWFwd8iJ0=":{"valueMac":{"type":"Buffer","data":"/Wpkeji2cs62zi4xdlP5AjdR65a8mCKd61ppDBbigGI="}},"lxamOD9mnPjj7XfoHRSECZv61fGBoqYnvlj+jQ46WzA=":{"valueMac":{"type":"Buffer","data":"b82aYizh4RbGa6CjPq1EIwtsY0rQRjXBxo/A0/MMxCY="}},"5O53pnxGSxJaIHGvzE0yBaDFN4IBTE3WBDZbLKcfat0=":{"valueMac":{"type":"Buffer","data":"Gehc1t0B6QoZyWJ8/cEYSeZ6uxZu/rlFXqXdGfPcmhI="}},"sAwyY0lyDtDniv87+3V4zxIh5EMBv+DXif8frENxU2A=":{"valueMac":{"type":"Buffer","data":"dCV3ug9EN+ThZXmwf7vUpRKUWvt+vXSguTOl68PLWu4="}},"S788TEA6EeT9cb9Hv+GG6qih6r1cECHN+wl+nq4IF4E=":{"valueMac":{"type":"Buffer","data":"yyMdVEwi6UHETKju8KY/etWZicIPtvxogbTtl/RfczE="}},"cT30ICBhoPD/965SEusI+YDYMJfK9Fb0G7ExpF8hwO8=":{"valueMac":{"type":"Buffer","data":"7pRd/yWb1+cWpXokdRmFrpgiiUc9qaMqD9nYIGZMOEg="}},"mvqhRjn/wBc2QxXE+4XmTPj13mo41btjoE91k3ej6OM=":{"valueMac":{"type":"Buffer","data":"Du73RAepmuBAAflLFxP4Y063An5BzCJLVwcj9D/vHTM="}},"Kda1vtV+VnBqOQqaNIgYrlSFoKIlO/da8MxEJQMNNBs=":{"valueMac":{"type":"Buffer","data":"mmrfSK/Qm8biH4IIRVyq+mF7KN+RjxXDXQsEenGMX0w="}},"niNT/eg6Nxzm8hOC3ubcC5y/37+gnuK0ukckBPmtAfA=":{"valueMac":{"type":"Buffer","data":"komlNzXEmZ6uhFJgJNMfY6Dm6tNEeShcXhI1GQ8omPs="}},"V2HXDL8IlbHU4np68DqRf3KnGDTza19dv0Qqbf24TcY=":{"valueMac":{"type":"Buffer","data":"dx08+GZG0VZ+kjIgHie87Ukv1wSOaGnM3YzI3eKRG0A="}},"fTkdWAHmqbEGsY2em3oJtzWvwnQgwjmX7P5ulfkk4Tk=":{"valueMac":{"type":"Buffer","data":"/+P9KHjSyNbmQg1mFo2+TT6mx4kBRjv6e4G05ujghp0="}},"TE4/87wCHCk0sjXLT+OHPPZmARM3yQ3t2wzKSJ6xqYI=":{"valueMac":{"type":"Buffer","data":"sxsJNPEO1Y2TlzXnie0iUmuuDm/3S9OCiKog8GiqogE="}},"iguVYS3WTy9PLlz+fn1HEX7IkXT7VupzAvZA7QcAgRk=":{"valueMac":{"type":"Buffer","data":"n+EJrGJdwS2dx447BXK72pPh1tJq2GrTUAfsvGEWVXA="}},"TJvBxuPxzl+5orJRGQiBlL76VNcqv3mBV7bn6UminFY=":{"valueMac":{"type":"Buffer","data":"Nf0TiEsOfjodg9udQCs+/iD+3L/DDIEabFzshhiVFAc="}},"3A6caQgfP+0enjXcukqi32DDzwhG4p0CUsIyoIZuK60=":{"valueMac":{"type":"Buffer","data":"ptlM2IB5qAzJO2TnJIyKEsQViaGplUT8ErL7TDONLFE="}},"JwGUPKls083NMRDRXZsTGi1unO+7gRLUQL2UpxBZZ34=":{"valueMac":{"type":"Buffer","data":"A7yMi2gDWEMP2MbZD43sp/fWJ53n/14GA38YPBkmGBE="}},"37ssQ7Kz+BKvxBifabJoOhbrX8VCQIb6IAVFXFEp2e8=":{"valueMac":{"type":"Buffer","data":"6ESdER7BCaGP0lgiqzeExsuuzpBdKh/hcNdx52JzR8k="}},"ijqAOWzdf2lhY0U8SjQSWOrmuda0/LSkdT9Y+xYnaEE=":{"valueMac":{"type":"Buffer","data":"CaN3oVZsKtj5yo+qhEi9X5DklrlEui9jeEmaD66rbLE="}},"UShJ22eFjODcaeil6r9V/IXCoBIDhaihmHWaaqshn+I=":{"valueMac":{"type":"Buffer","data":"WaqUoi9wtzZvBOYkVZEnb6UAfHImH7E6sQmg8PyDXlc="}},"woX7lmqrq7JFPruKYhfc0yn+uOm3O5rYgfUac0623LQ=":{"valueMac":{"type":"Buffer","data":"XwOJoxT1GBBNlYlgUx/UJJ1egU9H8Jp7gbAIU9LHg5k="}},"vWKt2xHpP5hMH12Xi8zeHRo6MAMxsHPJdQDWTmrNpZ0=":{"valueMac":{"type":"Buffer","data":"PzbHVaHfU7t/oQtVGJCXhQ0CubdPaD4c9V1jVT/OvzQ="}}}}