{"version":1,"hash":{"type":"Buffer","data":"Pg3ITIwDYaouYdQ1jUc2YbuckVns0Ssf6tEq5F3AkY+NaQZboAPWcg2ytTwFdJTOy87eAUxw5LwjoDXK5S9L/K+oY1orURG43R1iRMoOeIVL4RcByN8gL9qFqz2NHn4HV1MWFLE32D3cuatiDxyBY9OiYJ/Uc7V/kBms+wR+dBU="},"indexValueMap":{"j89Gehd9zuPLjoR4NufmC+mvQyF1HN1Z5bKcSS1JfaU=":{"valueMac":{"type":"Buffer","data":"ZlAAc5ExBCNzZwrh2IDOsl/x00L2RwZJea66NhZuce4="}},"LB3T/rqcz3bHF2tqweUajUE60S0p7VaRh+aUTp6cxa4=":{"valueMac":{"type":"Buffer","data":"yv3WU00K/Mxv9QR6j3ErrlO5637+uBZxhDGQgbW8pH4="}},"KRJPuCDb3P2uOEJ0xyP+dBOdlh85vFEM+olkoqZ+0Gw=":{"valueMac":{"type":"Buffer","data":"zrLc7ac2xWvnuTyvozF/2bjaugwVZbCsgNp3Z9U2DgU="}},"ka0YuCfD3dXTwmdzLw3R3WaqSZHJLMK2qWXpgxsOiZg=":{"valueMac":{"type":"Buffer","data":"L8QaH8drI48Ud4ZvpyH/L7dw05XrGGkm7s2y1kTTzME="}},"XKaZeSFhKVdYvPNQ1tZ6oSuVXSIFLuFV2CP2aolXO/w=":{"valueMac":{"type":"Buffer","data":"v/3I+548e1YKcYwoXYXutHZwiJD3+x0jGDnj07fWrQU="}},"7pHvintys0b5X9GV30i+Ebh5m2OALKeJRMGl9vpp1nY=":{"valueMac":{"type":"Buffer","data":"dVjwwBSAajkBT/XrOhaONY5JXIJLHe+NalAOuLwjhXE="}},"aZcZyCN4rMDKXeEQjb7O1zcAGKJwFkUiDH1BYKDfzsk=":{"valueMac":{"type":"Buffer","data":"Xo3NASfIcTY9ahcNT7meZHaHbDB6JH+YsflRF85JR0o="}},"ipH9/1sK5gtbb1hMBDdErzG2e3dE6qVzFsW+xPW8pXY=":{"valueMac":{"type":"Buffer","data":"2zkMAP82k4ODtfQBWtchVqX2yMS8fQazsgsHwHNTYj8="}},"1GKyRIPGRPZIoeBn+B2eGz/imZbAsVC53gUo6f6+WRg=":{"valueMac":{"type":"Buffer","data":"BtarM87n6hqYUGl9xfOhKTPxqCMr4RmuZVGAIg4+dkM="}},"5yJ9QzcbijFUPPVJyU8n/PlNLnUx1YtRlHh2STiswrQ=":{"valueMac":{"type":"Buffer","data":"i856xuYu1nLmmH0IckIVUWurk7f6EZ6YXsK7N+hQjCw="}},"ffX2Vzq3pFxpaLKByz+uX2Zuihby3+R/DnB+Y780wJQ=":{"valueMac":{"type":"Buffer","data":"BruFZGwK6xka6pc0v4AtD/5PmUWpc2BEOgqPWWn618Q="}},"FcI8IhTvLRRaaha3HENCrYYfQ/tl1AbtitgNfIJaUS4=":{"valueMac":{"type":"Buffer","data":"OjBWm8NJgclNtG/nXiWsjn4ZfXC3Yc7IXcebfPyELz0="}},"iCfa6SuSG6oqA5+a9WRwEOHJOsuvj5blaTfqaKdAUow=":{"valueMac":{"type":"Buffer","data":"unWjkJHAVu6+i0Y6hLD3WMXYSGhZ9+umUb4AHE5wJCA="}},"JNpZfSZuAkHlgRaJraa78k/Oetq5xULjmxguhNW0pN0=":{"valueMac":{"type":"Buffer","data":"1B/Xfi1rmjyjX95qU1IUdn/YKuQZh6qwDPC/bcXBPoc="}},"GfqIrU1WgcUArnQ0ojoiLWi7tg0U/DVgJZfwpFbO2P4=":{"valueMac":{"type":"Buffer","data":"RnpyxCjziquyYhq7t4k3ayJXzGPZHr9sruJYVoMgbYM="}},"dxdIOcqqXjI6HAG+BHnUoeZNThVeBhfDbG1NcPow8CQ=":{"valueMac":{"type":"Buffer","data":"0RwY9TNx4lweJbqktarlDipHLYSvGGRx64ITyaTsv0g="}},"3BF/iV4G3NiWOKmNZgKfkn0byOr/O8z+0yC26jBKlc4=":{"valueMac":{"type":"Buffer","data":"/2yG6+aKf1V9CIp8tmTWmcKznQAx3E+38jMXOt2TYF4="}},"MkzVy1/ZGv5cSPXlUTw/mhcSGg5obv2tyjGS3u1oKBs=":{"valueMac":{"type":"Buffer","data":"7R9D1NBv8pahMmcY9RzX1b75Dijj+bFMf4qaYix39nc="}},"c8jEUBSukFftMiSxHzDlQK9frKsuVMWP0QAxKrWabvU=":{"valueMac":{"type":"Buffer","data":"SXDEhyPqp5cg+zh6N7xtxBxdNPI8nXtO/Z1eJApIdfU="}},"FtaZrGIySKgxP8wT9VV9Ds+Hhqe2cqXMIQL0Kx5dMK8=":{"valueMac":{"type":"Buffer","data":"DzQGRvwzcBP2xPhpsE9lIFAsR7P9ls/DugT3V+vd8u4="}},"srxSyAP506GmAS18JeoxXCIuBuLU3ADNfxfu6OG8lFM=":{"valueMac":{"type":"Buffer","data":"ueRY/zII4EVjc9HWyJKZtzO/lG4O8dfb8FAhpvvC9+Y="}},"bR1HoVmcWyV1m0bHNEZJhi6/gJ3epbOeuuYme5X6Etg=":{"valueMac":{"type":"Buffer","data":"P5EGw/J8l300Ajq5gyTTFwQA0pO6LfP74EzBT0Ee1MU="}},"H0CRd8KkIhhJbwX+AlK8nj7w7yd3/iIw17m09Yky/rk=":{"valueMac":{"type":"Buffer","data":"Mry20hWosw6Lvn4XCg5ysKuWWvTW6jBqffsFZjVitXc="}},"2fAOU+1ozK7GL7SBzBK+25ypEl6YQsXOe8LJAmiG0yo=":{"valueMac":{"type":"Buffer","data":"t8B9omPZKmlAMh/RiHWO7rGqSwOgKWI4IMYRcF0vGU4="}},"lD2tc5Wj8lejS66sW0Gf6VGmksi0+72PcrFF+sTWVhE=":{"valueMac":{"type":"Buffer","data":"RuGcLsRX4nZ5k+nnNm5I0iAqMDamH6+JozYc+NS6pWE="}},"5ejQOFY+jr+euUN7PIMXqtH9jPoBiwOic7Azc1Dv0UQ=":{"valueMac":{"type":"Buffer","data":"JDJI9oeXoPQ1P526zWZxglm4LLqa7GdbdzvRnitQYgw="}},"PmPUp57scCY4UHXhsHFgHUsoAMdWi6NsjFumlxo63p8=":{"valueMac":{"type":"Buffer","data":"M/uf/e7Xu9bO2EyZCqAJ4tKgAnicgWYhXKMELoekqZE="}},"fn6XzkpQDMXiv3UrrCtbQ66EgMd9LoP4Ct8B8KDAej8=":{"valueMac":{"type":"Buffer","data":"Dda+W9pLUjL4r89IELYQpedzjrU/EkVwt8mZ7rZzPIY="}},"2aKkYO8BAcvCIaWc7uGSWwvVXTBifut5M8spXLyJGXo=":{"valueMac":{"type":"Buffer","data":"FXkqJgA+RzHvse8ypdg/LXzfVf6/+ZiEku/NbVKLB/c="}},"2Upiq7GIEFS9l2wykR93i+JLAPRcgbo0QyqnmcSHrB0=":{"valueMac":{"type":"Buffer","data":"HutI0nzxdx1UEYTSl+Z9X4hz7FclOQz/c5pvI8TwX1A="}},"tUTusiGt//207KjaSrKAVp6inlJASZhMh035DkZUJNE=":{"valueMac":{"type":"Buffer","data":"WD9ifImOpE4O5I6VuqBoJLt4N8l6enOHMub6DmmcjJw="}},"mwnFDpwHeYCj4wRT2PhrMa2XDtI0uWEtTy9j/wyKPnM=":{"valueMac":{"type":"Buffer","data":"OBfjclmeVax5ogvOQBNuH8WEFZAPFzZKRdmYuk0MJu4="}},"6YHOvnG8Hy1sWRn1COKnQSFz8qhlSgaS7PPwnqT8ijg=":{"valueMac":{"type":"Buffer","data":"XEQLv/+gqaa3kkmG9FgN53krORN7tAkdM37w7kaRmIM="}},"PXFt76NL2fevv1m/Gyc4WgL9yflsdn95iAE3GPA1WIY=":{"valueMac":{"type":"Buffer","data":"fShu1vwWaAb3QvDLddz0ec6PUYw/KN0OF7TMIM+KRsI="}},"L7Ks9+phN7Oa1JbmRXp5AtTR8F1jNupPJ3Ef0tmS3Bs=":{"valueMac":{"type":"Buffer","data":"2jQthoss372NZmvDMWtIvk6u2NyQ0auNnN2MFFwE7AU="}},"A+somcechezlqP2Gj/8s4bOPkbmD8mB7Uu47uqqA+HY=":{"valueMac":{"type":"Buffer","data":"oHSBbb0C3Fl/rrLTar2HYw36+ouF+atBG1tEgO1p4AE="}},"Rbk9idsmvQKLgT3Png6IeiS+XxGYA2zATcdNfuvW+aw=":{"valueMac":{"type":"Buffer","data":"R+zcG4OhHUP88tFoW6P+nv09fhOjPU0AeytsJOjxAwA="}},"QJleNPrFobjHKzSBIU17oC+UKiZMlEmccv/BpWuszUk=":{"valueMac":{"type":"Buffer","data":"M6eZfansdyo51iahidIlbPMTGYSsOdz/BFh6T54x9JA="}},"N77bcAKFUHJ0OpiBXG3vNKjjjsVfF9tD5DDTcwKKPew=":{"valueMac":{"type":"Buffer","data":"th7li7vzFddB+5XZER+JQkWhGKERFWD95eEFII3R/8g="}},"q4aY3TaL9LUJ8hj3kjYgPBmRM5kocXtBk8MRARShKL8=":{"valueMac":{"type":"Buffer","data":"oPO+/7Zpp6nJMpEyjsU6xzQId2yRS5B8Gp8rpom4KGQ="}},"9/c5EJ/gEGrtFGBJFBn6E7Qw9KFmd3rZ+a7zJRAuvxg=":{"valueMac":{"type":"Buffer","data":"6F1yDYDV93E3boXErpK0mmWeRozgPxTSeAf+SxDNNOM="}},"KMoLdzuJy7g2jSvdfxG6Ire8Kz6CzonRvlbu54jabpM=":{"valueMac":{"type":"Buffer","data":"K1bWNIYCyd31C9qB9VIInaktjYuz7K2s+fRPr7IfwVc="}},"83oG77DxwFp0Ljtf+BMlO5AdV4hvSPkd8yJuLtcw764=":{"valueMac":{"type":"Buffer","data":"8jEkzPLauGAyIWkcKfEmvo08BRcXGpF1dCBs1ZuaDZ4="}},"z79uBdFeF3HjHDxJhlAV71G1IGT6hKLS0xtCZNSfGKM=":{"valueMac":{"type":"Buffer","data":"LAivlTRBXS2J3s1V53GdiKbccOxeD/qtvAxPopE/X8I="}},"Fqy8m7uzcYKobuct9kQ1tG+jjqoXZ30QFfpw3F92iH4=":{"valueMac":{"type":"Buffer","data":"JdoKlueY9I0j8l65ktv/i4JI5TLTrCkx3KvOiOlmcwM="}},"3xoGDbiPbylSwj49ZgN6EONfe+uhkv0vki+fjmHcKOw=":{"valueMac":{"type":"Buffer","data":"Ulw72tfTEsZzA8ShHN8EjoiDR0K7YgYE6yGpKUfYNIo="}},"yvQM6X7LJMfJP44hdXr3dM/5qajAdQLwOveXGt/zeq8=":{"valueMac":{"type":"Buffer","data":"x6u6dhqsMNLGSzgME5+LiKbBxYDEP2/BMe0FCFqKN+s="}},"eyhKkFS3cpGFWl60/1e38Dnfklj4ZPif3l0e0r6eXe8=":{"valueMac":{"type":"Buffer","data":"TqxusTGpxJHL1/Waur1M4ciowm+wzV0OWF4Eo2WqWu0="}},"JUfx65WgoXF866NWRCl2J/vXEOJ2U9ca+dxyu01GXbA=":{"valueMac":{"type":"Buffer","data":"dq1KhGlxfNdzWsQphfrmdhl/By8kE/BF5j9+53iINaM="}},"5HpDPRUrfa+vRePY3rn6wpgDF4xinKW31S0WEsrUdro=":{"valueMac":{"type":"Buffer","data":"IVrCT88b6FiIBILr5vAAnOicqSU5aFDq2cdcitPyQf8="}},"w3Js18wRQH1Gc247/gjAqCcZMVHltAX/EHqTg+xMzSY=":{"valueMac":{"type":"Buffer","data":"e6SIn97kbQFhactDcA2pmsFYm7LaIaQhIDo91/1Y7Og="}},"JSKHVap3KxIoEIbJcL8aqX94L1uDAQGVebi7TEjP1uk=":{"valueMac":{"type":"Buffer","data":"vM+3xJsdBG+ID7AILgf4ytN36MuLPzd3hNILObIK7FM="}},"OapoN14QNToFccoaPNqDBFyKVunVIhIZhY8y/Z7iYMQ=":{"valueMac":{"type":"Buffer","data":"EzJYiarn7vzjxoqrwrbe9VrPFaQTOp1U0GDtR0LzDQ0="}},"nDohhuhkr9URbP3HilaumPFaZ7WSTcdPR8lnI2ye5DQ=":{"valueMac":{"type":"Buffer","data":"j1DwNQqK4XBIXmqXXP1VF9Vl0agaF0e7XwrTK1NzT9w="}},"whFQNLQiJeilXlvQIrqM7ArHIw97vB/JgXZ2YY3HyTw=":{"valueMac":{"type":"Buffer","data":"H62fD/ep3FEFY9QAHKreFNDC3PhLv0QMOqYBoEGqaFw="}},"RethJ+tdTLFpYksT+VOLZcc/BcwdJRogKmRYiC6ffqw=":{"valueMac":{"type":"Buffer","data":"eiaejtIAxXq+fqdgsxMoutorV7iT7qb8tz1ZSXwsgCs="}},"7y/8UvIercz9DPVVeXL7zk9FMRwzZvvl8BpbzVwHr5Y=":{"valueMac":{"type":"Buffer","data":"BsB8h20GHWLbCGoBfufKZpqB93RBQSXdoBTAnat2dUs="}},"/GWpukOEJVua8I0Z/nJTYG3XZrYvijvgoe2yFlV05+8=":{"valueMac":{"type":"Buffer","data":"lrp78NmhVpjCuKbGT0WJTiW5RQbDkEoaY4s6ihJWCEg="}},"i4CURQ1MLC7ZVxx9vIu89DDG3NP3jWg0PjN6LaTGRZQ=":{"valueMac":{"type":"Buffer","data":"VmPeMUf4G0KL910A/2/CezpuuMdX4k70yHIs/3J1/l0="}},"x60PzqFGDcsnS4bsKafDBIYHowuxgoq1Y6QSWTWhle4=":{"valueMac":{"type":"Buffer","data":"CHUi5LaIB2vnAHcHUF7+EupyjS2wXyLULs1rh0WrqW0="}},"aj05H+8q1O1gQyV8Wxvh22lF3dFBGoYeKBO381O66N8=":{"valueMac":{"type":"Buffer","data":"I6a22hYaKHoFMcmfxuD6zhv647IG8A6ZIV7YhstWj1g="}},"8AhCVcT/oKWUpwsUh0qIsxC27/SlmO43gd6rLMwrEAU=":{"valueMac":{"type":"Buffer","data":"loI+IkqFRNrGu5nzPnCPot9bKIehxlXnCEADTzKa/YI="}},"u1r0qqMYScY0vD3nARmr7LvT4i6N0wnX5ejroQb7v8g=":{"valueMac":{"type":"Buffer","data":"RjmHKHwYZcZyP1H9SIHij/9uFPHMl/fMCDy2p76r6iI="}},"KkcMRLp4Oy3EFmC/IoOrsavNC7ihPoanvYEtRt5EB6A=":{"valueMac":{"type":"Buffer","data":"K6QYZg4uoBggXm1qvDDJTadO8xFBafEw2fP2/LrcjvU="}},"KYvMpeHAE9HMhWHD/aw6gkUfykJaji7lAZZ+JQsz0es=":{"valueMac":{"type":"Buffer","data":"XUwPWroytXig8PSUDQBl7lSah95FAnjyHoMaUXOQwyk="}},"SgNHAzxh7USEro5YzjbYXU25FgGAgQADjJfwmII2Z0c=":{"valueMac":{"type":"Buffer","data":"AJsfjgY0hMHxZW+UlFp9aKdcySoVPgwMHvGkoqjr09w="}},"ic5+Z47rJe2NmNQaIMyaEC0eHdCqxcMEdKc/8BCyXbE=":{"valueMac":{"type":"Buffer","data":"fiI3EzV/azMJjVa7hpoNB8BIH4l+kEgtZpG+6/9CTpE="}},"s8oL48vYD9gXZkpweHkDar1RMs6/enmPTAYQxVsauZI=":{"valueMac":{"type":"Buffer","data":"mn1XNvLa3lAtoKrCt30PRkwxTwwz67v9O8yczWMVMHk="}},"lEyHEam8GfV1sjuJe/J5kQs89olirt3QVdEZo01PZLQ=":{"valueMac":{"type":"Buffer","data":"90uBnIJfz3a6blmWKJbCBrWpmFXuDG6vAWNSKYGwzyE="}},"6eIk3qcv9+tcqY14Wcxo30L7imfPyl4m1Nbu5jfHkrA=":{"valueMac":{"type":"Buffer","data":"jB+db5NsMN5Xm3mcepTjUjJ5QWyVEU7RmllznFoUMJs="}},"UCjfjEVdxDCX06xwpTrdm4BpBCJllYd/QZeUpl4wgpQ=":{"valueMac":{"type":"Buffer","data":"hJwb36ZWUEqA5lR8U3/KjT7vDazpsInEkbEbO94m3go="}},"Bpx8oUfVjmunkXbpP5Nvf8hxJeq4fD0T3MwryUfa1oE=":{"valueMac":{"type":"Buffer","data":"T0cieJnfs61Xyk3P6bfPdk9/JgpYdOA3+XLxQ0rAihI="}},"NckYgVc7lRZ0Zgt99lkuagLxDt7jW/dIFkJ2jwi8jbk=":{"valueMac":{"type":"Buffer","data":"uG5Bfpc7HX97btRaBZ72AzGi0WyXWPsOYv4PGnipfOs="}},"LQS2OtVwozpEXNTqyOI/xGbWJ3CjtG6hJtQtLOA5Um4=":{"valueMac":{"type":"Buffer","data":"LQ2y8yNWbaDFAOocqb1kk75c3fQzKlD8Ji90AT/oXFg="}},"fJQFvVyblnlZR+jktlAl9fNeXW8BnhHURYowHOQviNI=":{"valueMac":{"type":"Buffer","data":"lNG8J5yrvnVHVEEth3R/LUVj0HbMfAWRGYWIFkJ31so="}},"Hzo7+hzSlqPyFmInaxwtDBf9AHcs/DXIxQ7Kvd7Z/Uw=":{"valueMac":{"type":"Buffer","data":"+AZXR6TytqBF2KkHMsLcBygCMrWPVcnTICQ1+q8OBMM="}},"j02FCyAehaKGmfZRG1FGeEKk5qEUBDdrTcfnMdIQXdo=":{"valueMac":{"type":"Buffer","data":"MeXRAieur71OQ5DXm0hCfKrHRGtcXKJvZEhB6p3TRNc="}},"xDX7lhWDyyEVdSAhZe1FATpKc22fN8+MJsFvNYfPpRU=":{"valueMac":{"type":"Buffer","data":"6fKV1RGk/1xOMU4vQ/3EjZ5qBus6o3UbiAQzzucyIrU="}},"7FVZX2NUroFlFcM8i1pHGSUTlOhNKF+4MtEo4A70u1g=":{"valueMac":{"type":"Buffer","data":"b6OAwLned7dWA/OF7ij64sjTECfGaf20qtTjauEge+4="}},"RNhuQfZDtsLJFGt1fNvOEBHhIbdLtYHGt89nMW4bWOI=":{"valueMac":{"type":"Buffer","data":"kqyALTqtLDHMZ3cS7lF660dyA7ympW5gJo6TnekxIKQ="}},"oJ/6Q3UHXucLljKbxpc/P5G3G+DBHRQGo7nyVxYTHvQ=":{"valueMac":{"type":"Buffer","data":"5FixLr6RTqrP7iNwDA+670uMqr5XT927VW4WREUja9E="}},"X3Cbqvgs8pCXisFAn5j9NIpbuZK65vyjwszlaC8bZ2s=":{"valueMac":{"type":"Buffer","data":"xwQy90ggC1cZjV9+ns6AYEv8m1GDizlT7hmyv9oWE18="}},"RLjK1AJgQMQ5GhywKdzQcaib9X20yQ+F+V5l0InAATU=":{"valueMac":{"type":"Buffer","data":"VA64MhTXJReNqN+pNAIMZU0NyrrDTdvG0296OFC9lk4="}},"c0zWFvZS9yPZAfQMj3a0IspLxR6yT31W0Qq6zCTaAro=":{"valueMac":{"type":"Buffer","data":"j6Vv7Elg5puMU5voQ6q7PS+ibBeO6z3WrfLK97kTzwU="}},"TItOQH8YmiMwaul10uT+AghTU3dbrLY+h8WnE05Gwvs=":{"valueMac":{"type":"Buffer","data":"wLKt3T02G4epqzH8fkx1cTnLVu7/0/NALU2eoDZpnXE="}},"GtuwyYMKFTLcFW+qRvvoCUUWNWOutD8mQ4UYA/q6VdI=":{"valueMac":{"type":"Buffer","data":"x+xRGWwqZzDTs4TdgPY7tA6chL8ML7uQVskiYvNXkjg="}},"LEGyrfuAKzTvV/0imghADc1K8Azj7R7jleW50xevgyQ=":{"valueMac":{"type":"Buffer","data":"azE/AFKUWC3CtvQTdLwKH+ig0NhBIdPohjH0X+P6ySY="}},"UgbWlqvTg5RydIGhsr2AtC0WCD6g27eVPGSeWed4hUI=":{"valueMac":{"type":"Buffer","data":"81l2j8ImuxijI+iGmxmf1UM5IzNvN38/0HvPQbuG0fM="}},"JN4SP9IregF9bL0XfQf6/lmMb/i1xeusF4G9bopqQ6E=":{"valueMac":{"type":"Buffer","data":"lyhLj6n2p2YCjIczzN94SwoA2DssHqRge9L6zgsiElk="}},"HFsK86MqosGePTjeiwEdoB+6HYa8g6ua9XUlkeXkTCU=":{"valueMac":{"type":"Buffer","data":"QTCX1gRDET+aG/SGv0smuPFNhJvRNNTRb+gKjU8+VxE="}},"8zsEmdFhnCI1aK7c58rqrPsOjt2yrsiV68q+Jss7cAo=":{"valueMac":{"type":"Buffer","data":"xNnuLm62Hf3rPIRg+eHA2AM8L58DROUP7mqRJ4a+P6w="}},"BDyMw5XQgXgd9G40nMTCjTI0kOykpCTxrbgQm2kwuT4=":{"valueMac":{"type":"Buffer","data":"GhvwgvoDzU8vrwk/jUhj3guh+qgDMNBitMdq8LSiHy0="}},"O0RqcurBzMVtFuWzQ5hbvml9bt6mMHCevjWQwfNWm/w=":{"valueMac":{"type":"Buffer","data":"P4vRWcG0XYytLlUFlwCk2pr+hK4g2/WUfIwSV88dZ6M="}},"Y210Tk3BZFbdK98zSzLSAV0j5uXHql/5U7emr8EK3zE=":{"valueMac":{"type":"Buffer","data":"ODAHP5RIRoZ2c4EvMemZr460P5n76Cos0TWyCLpInKY="}},"107Zd+dNVxvX1VQEU/xFgjbwv9jPh0VqH6Ht+jlAe+A=":{"valueMac":{"type":"Buffer","data":"IoOANU1fceJQOCBrSI6ATLqLONj0JrctWB616ojfQf4="}},"6VdBuSrPQr+i47D46Ak7jLP4jfE1GHjpkXV+Eue652A=":{"valueMac":{"type":"Buffer","data":"IJ+OaxU38zyWH1AN2VYIqv1ypdViML2pHHZVfoWL0M4="}},"VuaIcjahM9qdE49Nz+lli5pBXkO+NsPbO6VyVMaZoXM=":{"valueMac":{"type":"Buffer","data":"SBI2Kx0Ezvgw8vPuZgiaok9p2dfzbl3pH4AVKPN/6Fo="}},"S7u+pBpj6tOWyxwjh1wG24AmIMwPYKBEv4dJaR5Tj40=":{"valueMac":{"type":"Buffer","data":"G+tZrEb43JU7eiPVlwdLUEFhpX2TURq5qy+0dS/EvOA="}},"fDIjv6GPePKMt5Skqc079nWsmJ8C4avDrJfciKMS1cM=":{"valueMac":{"type":"Buffer","data":"2GswdRc5SjFIVfHm1OdX9cfgtWLj36/uKdvHPK6WtNE="}},"c9v3v2rQO2KrzgGI1jraaiwli26qFRfG6PSlDW1zavs=":{"valueMac":{"type":"Buffer","data":"btv5KDi1EIodOdDaDMItb/Axq4QnkVX1ekC7wyt3UkA="}},"oZ6qkfsehDEruNIK8kXShcLRe38HoLXZpHuwDn6xyU8=":{"valueMac":{"type":"Buffer","data":"FqaCn8zptkx/z9BtfgM8CqEEHJNVdx7k2CADclRCmVw="}},"SuqdSVdkko+tZZJ5tEb6bYWCvWHKb26wlq5IN68dzJM=":{"valueMac":{"type":"Buffer","data":"wgozlRbgM05mLklnNMi//rm7A0aN4+ZR6ruQSW+/qgU="}},"N+XnrX7QbBLXES9uZy7sBn+hLSkOaG/3ixEORCqvWtk=":{"valueMac":{"type":"Buffer","data":"lsgwI/iJRcSFFqMy3sdGi5bMfpY348UG1X/leatK5K0="}},"xGJCKCjUCp5qkWCWlpR4FMyRB/NPBk3PcZ62eBb9iSc=":{"valueMac":{"type":"Buffer","data":"sBPgOgP6st/V0GBVZOXpa2ArMUwuWZbpzwO2ONSIf+s="}},"H4KlJt3lK5ITIyBBchij/KlNnGiMW7MbdngoZRzMxeo=":{"valueMac":{"type":"Buffer","data":"z53HvueEOgQgiHHsqGu8pttkY8tpsZ4M3XFKZ6Ffsmo="}},"X9JbSEfAe2xf5fhSkMkjQfFzAmpQmflJkVbdHp1789o=":{"valueMac":{"type":"Buffer","data":"/etjsLPxp/KdYmaPDTwF8+wdDYRzoT3sP8xLY9G20R0="}},"YRUYIrQ4DLeHL+pH/9GIrW5ANmlDGRDwJao69kCEu3Q=":{"valueMac":{"type":"Buffer","data":"JthZfMEEMv89DIB0yCZ21nENMpIN65qjzzlAYk2GlOk="}},"v52rkkAZ1n5WlEcKtmWqGNply0rPh5p810OnfLsMK9I=":{"valueMac":{"type":"Buffer","data":"jt5xWAIaflZbJuXcfktFGEuC8/hpZU+rA5JJ0kAZOYs="}},"cAdAXzK7wsEsd44OF2Er3fCQzCcUeaksR8T+pyejNvI=":{"valueMac":{"type":"Buffer","data":"DdotWRVUPWjy/WdsjdmTTtP4BTv9DmIhIN2BZrORPag="}},"bEk6zxsy3E7UQwPnBfAIHF5O5K+KaoTHc05VXvmOuRA=":{"valueMac":{"type":"Buffer","data":"B14QeNIcj54OufpVI7F9XsKoZYTqITJMuFOMho9Z2x4="}},"EYYuLQ7y+Kj4gAQ1XND47wNce1b2OV70Zga3EU/ifOM=":{"valueMac":{"type":"Buffer","data":"d8OUlgLy2MOK2n6XQhEB5uBgUdoVnl03oM+9YnF/Nds="}},"vmjXyhqCDVgxfilTF4siPNzuTbSZ92p6D1OsrR+QSS8=":{"valueMac":{"type":"Buffer","data":"5DfdxVjAeZU4BmluRC+ssprwcLGIA+RHaRaJfVM3bLs="}},"wvzqffQiCaUsONCauyJv5bUGy2gyYiXLdQCjSnf0sDY=":{"valueMac":{"type":"Buffer","data":"BaHHvpglIIWt6+U+zQp7R6j4JT1dCPWAXqdmLb7HXus="}},"aC+vhO/tk/Jpa7+wC0pXAOIvqSaSJZ5Dxlryv7GA6do=":{"valueMac":{"type":"Buffer","data":"b4ucWwIYQAh7ESw/IkmkuON5WX2rxj8EvQmloYN9vSA="}},"et/iSCVhu/+XpQQcecDq+eQ7n+Tek++77r6+xig0ztY=":{"valueMac":{"type":"Buffer","data":"KwXOUPAxV8BAeEmmnD2OvxaFW7/mUaQyLDggcRwM3BU="}},"6PwN8loHUKIu2LR7wYAO/pi30mv2UuwujjkM4mpMVPw=":{"valueMac":{"type":"Buffer","data":"m9cq6tpHh3w9i01cN6otXtTcno6gVI3wqx8OgsdQ33A="}},"iEXsk/4GTlSvXZAKnsuEcTzWrAZ3RQ4jmqIQC9hLgaY=":{"valueMac":{"type":"Buffer","data":"rdf03Gl3ZeeLbL95UdVDnFCXZj88DAn/W0vHTneW+0Q="}},"BerMN1HX357T5clQ51an5rJTGVilXBAZPXnnC9lI+aw=":{"valueMac":{"type":"Buffer","data":"gDr7aRYTyOXOrKxwRRNLRSHthnfNI1DG04d6pKkufTQ="}},"nS4sHqMmtWkngqjoMoeG6LIbXdTiDOg91IK7DTVDECg=":{"valueMac":{"type":"Buffer","data":"gkQuau/4J1k6Jz0/4jcaYkpskCHzxDo2DvsaShSK4gw="}},"MI3yGLJmk3cJ2/m9c5ksq/vGm9OFXmGq/ZXEK37uQt8=":{"valueMac":{"type":"Buffer","data":"ZS5kV4XC42syTvwPEr+LMKJUO3Um3i6JRVNESqoVmoQ="}},"8TrMwVgvZ40ntHpeyeRBBJZIbocd32RQGU8SybuHGiY=":{"valueMac":{"type":"Buffer","data":"fjL+xQfechcNlELlwxVhEKaQ0Xnwlnxpba6mUyBir68="}},"fZ33Vd82OAWqyJAhxUSLNyF0y+xvWv3Lc5pusVPHPx0=":{"valueMac":{"type":"Buffer","data":"HKo+/rdBdRGyJsthkc/5bmrocvoHunbd8xgmJG+cQHE="}},"5fJ71I2GLe2rtO4v5k/7D6e4q7PI4ALtodBfn4V4WY0=":{"valueMac":{"type":"Buffer","data":"eeX5+Qfr8vkx7SwmAZxdLH+ygn07NCmA8BVgC0YPuQI="}},"gVFy+rzWjF4YL4sqMqC5wWlHGIGKU7hpSgQR4oHNQQc=":{"valueMac":{"type":"Buffer","data":"77LJdwWQwcS3KeLS9ZWHsanACBazUBcDQ16JC2WD1Kk="}},"pA5rwo/DlixjcQoQBRquxaoU2NpoQv2O9x2/LpEqFEc=":{"valueMac":{"type":"Buffer","data":"yujlzT/HRVwqltg7jfjxDC8oLdpRUYIL2fkmOH1Zm9U="}}}}