{"version":4,"hash":{"type":"Buffer","data":"DQJeoAFmXeAdaL+f9s3kHPFsT5p4v1N5BPTAvUvbDhn4aUI42PBy1vRXqhvgKhslfXkslNogf5zIzS2jLpiR+9yhnG/JUTIluhnMNaNipb6jWoZG2ezaG9gV5rolGs/zf786PvqfN803VscVfdOlb5J3hv6OVb13i5I2vXLxnMA="},"indexValueMap":{"6Ign02mcSL7BHeLM8XfG2aipopqRm+aoz4NFEXt875I=":{"valueMac":{"type":"Buffer","data":"m3pNvfGCbTgwuC3jG8RF1bydCulZiEyValOdzMK4Z08="}},"RlkOZ0yaimrOb8vxGt8h1CIW6sVr0M/kAXBkHWctG9k=":{"valueMac":{"type":"Buffer","data":"cw3ISN2TSoTUWjh/6G2U9FTZH+TS7JsVcDqBYNVw+c4="}},"zZ1oKasfojBb7Zbhv/lwSG2A9qCjgQHOzc0utHhSdTA=":{"valueMac":{"type":"Buffer","data":"JwMYO/tGrwX0OiQrocmJqD06tiUdDI51V9wFjq0c7/c="}},"1YhPXuxVEXOubOEUvKItzwkcblPzmC/whvFbSKL/XPY=":{"valueMac":{"type":"Buffer","data":"DZ7a0K325GaGMcHccMwo7EVcLMPy/UfTdtOf8oFNJwk="}},"m6VarAfftQpb6cvrl33WQ71yVBJavI+4fAbeHD0ckG4=":{"valueMac":{"type":"Buffer","data":"e6ZgHMR0/hLOJZB8LL/w1XXpjKnMXwsheiLjMXTRkcM="}},"gOYS9CMG8Gav9gIdbky3kx5b0J7gjRRTlfK3sV+Tns0=":{"valueMac":{"type":"Buffer","data":"4rwEZNEWTDeMztW/nb7W7IyrqGK2d1Z118+i1Gp7QOY="}},"s0MMdhVlAZ5W79ewrdDQG5jTUch6TWrZKaQplSveXiE=":{"valueMac":{"type":"Buffer","data":"fCFYEveR52TjVMXi/VJGn8UXIx8f9jmJ22XDCSSdUNg="}},"sPX3ch6wIe1bq/lJ7LjrVX2CJqoKO1e2/A13mg4ejVg=":{"valueMac":{"type":"Buffer","data":"7E8X2UZisr4RnPtggVGegn6wEzkgQdzARVp90xgBW5I="}},"t6GVKtZWQQPRUKe4E2uWQ7cLa45bSEeQuOTbe70SqxQ=":{"valueMac":{"type":"Buffer","data":"cnZVscHP5IkvGHKO6JwEyB76x2dofEyjqFJMHi1vnAA="}},"5mY4umCnh4/xG+SUS5jivb107jeznvEYVGYW9JU4mko=":{"valueMac":{"type":"Buffer","data":"+YxvNj8IPcWFDB5uQ9xq19N5frPnhJDRnqd6WBKDHZg="}}}}