{"version":1,"hash":{"type":"Buffer","data":"eNGsmetK7BAgUgUAmIHH6g5xSbLWzL8i5NXBYWr4hi6ajYKq46deIv/bNaJ6bcp4XyBXP6UHVvugbjbKdiKhzzhLZziJNM7zzUMAHZAKCcX+jY35qXqe0H8PH8XyMRMhtYhzlW0lsKq0TmodAcKQlG1sWxDWbKOzRjD5YehgiBI="},"indexValueMap":{"h8Hfy0NaiaTWmQnENvNLmvqa+weOr71CpSKoXIRiNRY=":{"valueMac":{"type":"Buffer","data":"983tGDbsy5WXVEjObOFWT/MnQ104d9w+GieJveUcUww="}},"yMoKmArmK8imbEfHoc1qokKsgz/fLSaAB+gGM7dr7Po=":{"valueMac":{"type":"Buffer","data":"ofez1frDSMoEVNutp1b0x+2lIpcRulB/EBSIii1K0d8="}},"jLckbXpkhBv05a897sWhNPkrLOjWJEXfkOleLEhicDY=":{"valueMac":{"type":"Buffer","data":"R0ObgwbMUt821W8D6HQW4sPQRbGSSSMYXsevcHL8wsA="}},"IbcdzZL6HuPrMpxMiUTPAtj+LgQ6xyDVaQgzLsZCDR8=":{"valueMac":{"type":"Buffer","data":"0ctdLgMBtK6hXczyhstZTT/D3S08ob22FvB9JyHLO6o="}},"jd2XnZJcOc4qrAcLxRcloxje2zf0o+hiGgi5GLzXAtk=":{"valueMac":{"type":"Buffer","data":"TeigAg0fhtjoy+CPDLrTOMm/+gOot493hMheNcpt22s="}},"jrn0EqVGBWzF/wqhnnwMm20adxCHRqo/RLo2uf5GGb0=":{"valueMac":{"type":"Buffer","data":"eFgojwueBfm9E/zQa8RwRHhnR4YJCDuDJI+x1ZN66MY="}},"L0N7xw10xagLv6baVkdE40ZPrsHLKMiie3+f5jCCEZ0=":{"valueMac":{"type":"Buffer","data":"bRgdj6SepZPu4PtXbRe5srBhfOPJqX1SJChL3l7BqPA="}},"sQEa2XS0y22hR0mV/etvaJj5YpT0He+VcLnvfuV53T8=":{"valueMac":{"type":"Buffer","data":"OcWKVnOKzSOgWj+BXoyGCmRG6JOpiiXUOACSrnlX1EY="}},"0S7hHrFgzQcmPwvHDAYe8AC5vphv92EexGjUXf8mtS8=":{"valueMac":{"type":"Buffer","data":"AQ/yTmVkAFxsGixoTtY/mxUhGOE7t7882tIuhD6Pxkk="}},"+SlhZGbmv/+PncpvrDDbHv+kfn9iC8errhhRRnHIq6w=":{"valueMac":{"type":"Buffer","data":"qIgRyAJKmKAuOFi+YpIbvDFQShn3LKOx4d5UAmHWC58="}},"sH9pWf+onTLP7LsBKfk3GzL0lwTmyZZS7DPBeAt+0YE=":{"valueMac":{"type":"Buffer","data":"LJTLJY3STjliaAw2apICKuvPN6Uv8vRuwzVtNZgRy1k="}},"gYogsR8NXxQmG2ytpi7OufvbtwOeCxyIwnrfysogzlM=":{"valueMac":{"type":"Buffer","data":"q9dMQwaCYLUdFuwxRVbSgfO+UbKhHq4gT13l06LGiMg="}},"vQFRxJ0Uh64hj4YIn/dk89dRIwwvfz/7Cw73bQqrHGo=":{"valueMac":{"type":"Buffer","data":"pI5CdMNEW8ld8qAXYZaI7YIcR/YA3Z/TMUmxdQJBhBE="}},"fv/dbzeGG0UxF4caDBEhlUbH6dvu7CaG8uSFxsPAqAY=":{"valueMac":{"type":"Buffer","data":"Kt2LqkIUi9dhJsSRS7qcRUSQSupWoy6JwO0D3vBmmv8="}},"gBHwiIjPWzVX5JOclHE+sJSawy27ITfOfIywkrDBFXc=":{"valueMac":{"type":"Buffer","data":"7Ss3e13gU9SNgfykWBTXnFZJ/pYROW4j1RMBVjuocBs="}},"si86YEBqMsRKy2llm2xIn1PaP9Dpg7+eX+yHGde1paQ=":{"valueMac":{"type":"Buffer","data":"KGg7QCwYqb5CqLj8dRwuOfMhTqrmGoHRi05nJijqUvY="}},"3jE37/tpeKd3c0Cw1IB5M0n58oqG7vP1i0kFuvbaVO8=":{"valueMac":{"type":"Buffer","data":"GbONxdBxPHzPK883TrUWgCiycK9DCoQafuzPgsdnYhE="}},"JvSkq+9u8XWKZrqMgLT24GaZRx1Y1DGEO/9vqnyNDrU=":{"valueMac":{"type":"Buffer","data":"PuTawCneJHG3zAzoii17ZjVpKy382WprHGXS5zZqEkE="}},"F5HE1iSgulgpkMzsMZ3FaOrcPWleB1jNm8esWMB/2q8=":{"valueMac":{"type":"Buffer","data":"MDGEBCRQcE7cawgL/nfdt3Gtr6Ae4D38YAm90xqc5vc="}},"zwmb4JwgLcFF7c+SiaAm9CmSqTgPQf7nsrLJqfoaqdc=":{"valueMac":{"type":"Buffer","data":"7K2KGws2F6fMZRKZgyVOVN5nlGq8qKpzVd5gTsR4IyA="}},"EAD5um555wL1Wfy3B2HKfu3KOPo+t0JVp66g//orj1s=":{"valueMac":{"type":"Buffer","data":"Z2oLvUy2iFb1y+LcSiIIkUK7kLdUynCuAdEC4n5tsCI="}},"vtlfPu9T+LN4LUnFSF8vpGcPKlPxKx8kBmhxb2uSkz4=":{"valueMac":{"type":"Buffer","data":"4Ulmnou42yISQEs6Z7dKU8DO+4V9HcGIdtvLIbeBVqQ="}},"HKkzMSpOpFNGMwtexNi3W2ZK9r2uRTHSy+JFMipQ1Z4=":{"valueMac":{"type":"Buffer","data":"QcY3o7dvV0BTfw9AC0JIQHoODPDvHltXReKeU4oHlTE="}},"Mhvvm71nuRP+CO+2UwNOiIy8eVq0RUu3tl6D0gh1Ulk=":{"valueMac":{"type":"Buffer","data":"YC/MAwbcn8dRyuuqKLy9tpMYEtzI4Jrvg0XyoHyFiR4="}},"E0CIGuKu+KWJXCUdq2jMwLyMedXtdt1Zf40/gUlsGzU=":{"valueMac":{"type":"Buffer","data":"/HOrZAqnhxvngvgza/1/2/Bt/NRtxV30el3tMOgobz4="}},"ha9AwGG6R1kpuC8Q8CcShog/4ILQcjVeEbaqWbeseGQ=":{"valueMac":{"type":"Buffer","data":"NZqU+OpcTy52iSc69krAUJz1s8Z551gI3/M1+LUHCeA="}},"LAXTl9m5CXKSnpG6mtRLSI4l6kHR5zATmbWoUb1RnO8=":{"valueMac":{"type":"Buffer","data":"MXBmCJ6urEKYOVyScMJsDE+6NVH0Kcf8rhDvyFXfan8="}},"vB5B0wq/Sjb13N67aRCCcWGq5TKMgJzfYN0Fe9SUhUo=":{"valueMac":{"type":"Buffer","data":"DH202dM8ywXo2nVGGGC08TuX1ahfuvgJeudMQAHlqDA="}},"SBNt51LqMbD2GALUvgcWQhtof1ggZ5nzOoV+fmo0kyI=":{"valueMac":{"type":"Buffer","data":"rTcx60gYa2AVaupGFioAUYM0VHB6uDC7A2LgBXSgCE8="}},"DvLYBR+bjGr/7IVGqGjKUWDATbuW7zHfz6abSArbhRI=":{"valueMac":{"type":"Buffer","data":"3GU1nQf6hjDymA905WjznjnnUvScg2digEyK9z6uAkg="}},"yWy3qNBbucp2gKJb39F5crEyDdlxALhKWsuScH99pt4=":{"valueMac":{"type":"Buffer","data":"LTkJeuYmUnBIUBQXgKOel6T5vQV0a6S4NAneu/tI7Lo="}},"zFTipYNo18u9e3eaGdqUODYtomoRjBCyEqcXj/IgRaM=":{"valueMac":{"type":"Buffer","data":"9XubmwJekNwG/VVEqZfHiLNsl7KbMtZXzaAizzKynx4="}},"CtDSH0rJKxVHLcTANkaG4RzJDzs1ezmlcdELXL1yoRM=":{"valueMac":{"type":"Buffer","data":"x37riZDGEWzYOups260QJ+Li/+7s4DdciiHNM1bYQFc="}},"mesYp4BCYCTt15HmoH8evAAFDWyldadOTAyrLS2eeMU=":{"valueMac":{"type":"Buffer","data":"T8W2spi80WKatuIHRRnTP48q7+PdPaIIkFGuAbDT+NA="}},"KfNJ+xZRM8uyf1cC3fDFTjKj71U50UGgav5qqP2xhpg=":{"valueMac":{"type":"Buffer","data":"xaLMiFU26xDj0kodzlGbbe35T55xSSERg8QbFVhymak="}},"Ky4TEbz3ZQ39Jrbu3AWuh9yFtFGA6nnhPicE+pq0G3k=":{"valueMac":{"type":"Buffer","data":"iuenLMPHDjjZZTiaJ5ayj7kJW5aduJDbMsqfkrIkrYM="}},"jrtcBibx7y5GeF7vjo219/RXIns0/Ps96fozkDTrYRI=":{"valueMac":{"type":"Buffer","data":"++PAnfNjlRV6MxScB8WXcP6OQacXtvSUgFg+oOgdN2w="}},"f2cMHZAzb0GrOfognCaekRmKeK2IPrT7mg2kNh1bGoY=":{"valueMac":{"type":"Buffer","data":"hFuslAOCJlVDTtW2enu6s88/FCtaaUR01NC2tin5kxM="}},"UO8NSh5CMxDbTFaMfHh2aKsDc31Nk0YXMJL1gwLlBuk=":{"valueMac":{"type":"Buffer","data":"SPq1IkdjwpD40ilPA38JmXEZmCnstIGuGh1xE7pH2nc="}},"/bmsPXyHwR1qWYHc6IJtT5JzwPxwLIzbLFwjv8FbPk0=":{"valueMac":{"type":"Buffer","data":"cKW96o1CWl2QXoMvhpRXBYPAf8qn5fISs6L++Myiuac="}},"ypWJ+pKk3Rx+kJcd2E4Fl9i4i7I2OksYYeJ1SVLdmy0=":{"valueMac":{"type":"Buffer","data":"9nWhj6cgdZ6iopXplJg4jpBuSa7MPWMze20Co3dMwpY="}},"YkBLtWgqtUYfaz7BJSJfaygCfpNq3/wxuyecfSNjwJg=":{"valueMac":{"type":"Buffer","data":"PffN2v7cyGh21cW6LF3MSQ1qe5KSM2+cGF/SXUPZtb0="}},"KBd547T+7js6v2VGVPJFRqAm7/SoPbpkTiLWJQ1XupQ=":{"valueMac":{"type":"Buffer","data":"IFkPukEqlLtVvQWr8aKsOZSZCdXTCCDBhd70ZTJcmnQ="}},"PX3h+CKrm18i/nl9r1sDG4MwC8kmV0kv1R+3aigecTw=":{"valueMac":{"type":"Buffer","data":"Lz6qtc01ry7eB9LeGhywsHs1gB38DXPfDEcZADKIpeY="}},"38rObpI90MGW+DkZH9MsJQkRjrB40oySQ92fKb3kGBw=":{"valueMac":{"type":"Buffer","data":"xbrT90lkBFPAUM7U3uzlg6ti2j2Uo6Cd4w/u2QK5Qws="}},"gkoj4ThOaLPw13VQAmn1S8s0OnrefIz7akxHrEhpo9s=":{"valueMac":{"type":"Buffer","data":"aBtdxPyNXRpKRhoD6XfNvnTzPSU5VAWqAkqA4XRBXtk="}},"X7QZ4MMb8gULYZ3yjS24kGS6b70uZ1PzkyQBregMbK4=":{"valueMac":{"type":"Buffer","data":"cRfjy8yw2uTNfMGcbnOe89N5YQudn/r6SG9gwrd9sG0="}},"Gn8VPf+r58Tzc1OPVdZ8EZyKjmauGqLyKAGfHf6f8t0=":{"valueMac":{"type":"Buffer","data":"pGbwyFqzwKWmZZPnScyN3qMNNrG7IXv9qPoJZPJhKSY="}},"6CoIM6baaGSRYHaXCY7xlaYZBqF2Cl67N9e5HEkrUC4=":{"valueMac":{"type":"Buffer","data":"Sjolc5ZvVdPvIJVIcGkpw//b408AtmWU2ekcyBfq6Hw="}},"/Yblkj84cInk4kZ0QwRW4VjAnTklsreHJ0CF7uGU2Dw=":{"valueMac":{"type":"Buffer","data":"GLrXQPyz6DvhF3kfo6lt73tikQhC3FsT8E5rZ11RNms="}},"g9g9W55BMdIfTqJP+3m2Ljj5a51afHs6pJNnkqszef0=":{"valueMac":{"type":"Buffer","data":"sqULc1pgta1KGbKee8MWaFDkNC5fjfwzEqpWwThlJGk="}},"XIOmqaJwoZbRu35X0Lzt7kK2mmlXILVw5KjXPtWCCEI=":{"valueMac":{"type":"Buffer","data":"w1YwPiZNl4U4PQQPQUbVguDUonw0HQuyh9Y3a1O92CE="}},"SajA2IrjP0wnacz+ydbEk4cd7KswqtepNRojGu61A/0=":{"valueMac":{"type":"Buffer","data":"dv2Qajm9WAYR1VKwPCaqpauMFkotRglpMotnRi+lY1A="}},"TNZ8eyNaSFdK8/fla8s7wL5JlVAYT08bHxb2c5/LOAE=":{"valueMac":{"type":"Buffer","data":"gx7KIJ9CTIqCGMa1HGUA8FU6BP3wapUUbhJ8TdxxK3g="}},"TMiI5MnXixl85ceSZGh2PTF351Sl4fM2HN5i64ksOxU=":{"valueMac":{"type":"Buffer","data":"Zqxw6tHwPIMlENafpkc/34bZMNUv6K0LO5L6+Jfwl+I="}},"zuwDOfrPj5ewb0wNmMYD7H8hA07Ff6mP/6PvS6fsxus=":{"valueMac":{"type":"Buffer","data":"eXWd2PLxUPN6BujhxXtrOccetN3ApW+Cy1baRD44TGM="}},"MV+plza+WoOthskHsO2hXNYfqVK3FGbpTlZpvn4qyOI=":{"valueMac":{"type":"Buffer","data":"GO6wXqM2gnsUF8ttQ2oTJ9LxwwkBT9i7oM/hiWBl50c="}},"IxQ+XOodjU0UtO7G7YsbG/HBwdyu1pN9M6+05Y/Mtq0=":{"valueMac":{"type":"Buffer","data":"gkJYCmVpMIwqEZUuCo7KaKKXnptdJC+pwqGsh7PlZlM="}},"/gR3qatzOtNyT+mtzGFI3G7OXqxP5J32wknU1Yd2ZkQ=":{"valueMac":{"type":"Buffer","data":"g5DO3UVBakdAFP2rYnA0FYRluiFjge9uJUmX2r6po4I="}},"CEUS+ccdrToUeJAVHanif3yaklkmCpzbv1gSo2FGzEk=":{"valueMac":{"type":"Buffer","data":"ew1jPJhD2WZDR9NnSU6D/bOCY7NG0W90h/b9uGvK0Ag="}},"7xn9K2SH78EAN13aaiWc65mrgezpP10PJbbDqpv+7q0=":{"valueMac":{"type":"Buffer","data":"ct6DxBW2BGB802gJ9CmHbZwIekDfox97A8apg71HJ38="}},"3M3ylbaBPU6fI26kb3wGdSZso7321b1W7OMViAIxIyE=":{"valueMac":{"type":"Buffer","data":"DO+qCtCwE3+Eh5xzyT1INRHNPlXJgDxkaRc889T3kD0="}},"VkIhYNNgH79TOYH7sXtlaEin0yNJ0sIejoCRQMxs0rY=":{"valueMac":{"type":"Buffer","data":"gvgu3bI4k6Of1PK8CX4jW0zjD6kSUUcWg6JGeOn1VWQ="}},"ks/0MVOD0IH76QSV4568/aIqs1Cz+xV/VReQ3MZsTEI=":{"valueMac":{"type":"Buffer","data":"8KoyXbWOL2vz2twVFniWwqA5eWwbI5IIODpyz4SbYCc="}},"ia8dUAsbmu2MuIGIb+jfnHooyrZHd63IVD/nNs7Dfco=":{"valueMac":{"type":"Buffer","data":"/mz1x+Brmiy5h1dql9F/JkVN8mXHsMboEV2175Iu9dw="}},"NeadiOtbJ0PjM/AJIkxeZIwNSDmOMdYxamsLdEEMS1A=":{"valueMac":{"type":"Buffer","data":"cnpw0lRZHE30PUmxnmCfzhWVzQOTHhea3j7SBiualPE="}},"i8ZLOd6vNszf/HDCqxjhYM60eDnVIdLvIxd0VkDO/o8=":{"valueMac":{"type":"Buffer","data":"2JhzaOOw2yNs03zxpyd/E0OUQkdAbJm2cLYXzUtNNeA="}},"XqC6wCub/tXG1sbYgOJA1xmVy7G1RaCIAP4pVpinH8M=":{"valueMac":{"type":"Buffer","data":"pyqX9oY0o+jFNexhLIjyhVLuT05rg53ov7H+7vBkTcs="}},"8fGe4WHNhaX8/oo7GCfWTNsmTTs92tUlwum2JXuPU5k=":{"valueMac":{"type":"Buffer","data":"aQwNHwNtnQ7ryBpVOvi2g/hszhuWS1PTVKU9L2prQLM="}},"zL0MtUvPmlt0Gus9/doTIz0hcW359LWDh+IdCdkulPY=":{"valueMac":{"type":"Buffer","data":"qFsLLa+VwRm1bAFPCzxDY1eFnIeC6BfZvSqqgLL16Ds="}},"gaOE8S9bZ8cLHT6vvntIgTD0vhSZRKevZZgGWb2vmOc=":{"valueMac":{"type":"Buffer","data":"sIaJzTyOiaGxpaGd1Pe+4V4l3xoyhPB0EVRINl172d0="}},"J94Hn5Hmm6EOfbnbQ79k200SP4H+Yp7H2I1Mmdf5HbY=":{"valueMac":{"type":"Buffer","data":"Ufr+J4mfA8xINcam46v+9WPxyU6txFT3rWtvfA8LlkM="}},"h2V5G6YvPNg6uNm7gmOX9ByQFucz00lGce1D8e+b5ho=":{"valueMac":{"type":"Buffer","data":"buIvA+clXbj8B9oF68LJlR5LoAzOc6Sz9lYROMYDz+Q="}},"0iXkMuG8wk4729l2OAK2BBgjWEk0ycgmFwyLTiKYdX8=":{"valueMac":{"type":"Buffer","data":"JKa9BJTiMCet0yP5Lb1V4Fs3y5hS1ub61EQEBNa6xKw="}},"nuwpNWnHLHAOKBIukCUDcGR7P1naImcaK/XzTB6GQ9Q=":{"valueMac":{"type":"Buffer","data":"No3UlKvt2QHP8EZVXpZEbXetOIjrobeBRjYiBI6ad1c="}},"K19qlGm9j85a8NmuVZemmyQ7UJ9JtxfTRuIAzJ6qUqY=":{"valueMac":{"type":"Buffer","data":"CrbLjL4LZC6TJA7WpEprnWwlbcXWBwW4ahTnM02tv2s="}},"XrVb6SGjACzz7KgvGigD/ypqPidMJQoQ+FEfUJRvaiA=":{"valueMac":{"type":"Buffer","data":"ZHvv8jQIMHji1lPWCHRmCV9v6Jk6pNgT488/JM74Jm0="}},"19GSQMqh5fwN1EGdIEeFCzNqBJM56zZ86KkGFmDwtSU=":{"valueMac":{"type":"Buffer","data":"jRP1oEBsyEasf5g3lbbEv7xkShVjSj3LmZytvjaU9F8="}},"kTAQ/V8pPRDjLlHsVEwENmDs/ENlEUw/G3jiO26lt/Y=":{"valueMac":{"type":"Buffer","data":"W+FZ8Nva0Q0kA3rPXugEn0D1he2/xRW9EEWPlmTVA+M="}},"csNHTFk4/T+8RVWtLL/DzcoioRP3FgWBgQ+XSvF+8AI=":{"valueMac":{"type":"Buffer","data":"tplEehh11uMGKBieNtua+MyWw05UpxRFlM+/DA2fQ+I="}},"B+L+Jab+QLxV5Myek8xxpEYs4uR4lOGqkvUURCmInoc=":{"valueMac":{"type":"Buffer","data":"SRXi6dpdRidjHTlxXxgZqfP9syRvxcMQ6bGJlBxpXUI="}},"0G0e7PhkUlL+JbrXnymbwQGawUlA9ljEeX4i9JRhTNA=":{"valueMac":{"type":"Buffer","data":"lxnAa58AYLHSJJ5rdedZt2LC+9iw8ULuMD+4KWgpLLY="}},"bVMc5XJQVJ/7AhPnPTCQodnoEgzzOGmLvEE+jVW39fw=":{"valueMac":{"type":"Buffer","data":"IPLGribO0p7xPMqOL8qnHGlbKExWTfLzo3Q6yIx70R4="}},"sPYnlzZgLlK66DXWg/dd33CTh5pwP0E3T4IXpX8jvxU=":{"valueMac":{"type":"Buffer","data":"3nE+/BwitjznKgF5y3whOUgbNyRDWsrZUZKlvonIakY="}},"/JrXbLRQuxCmEyp6TCdG7b5TPCLT2+Yb1MmJaX6Llu0=":{"valueMac":{"type":"Buffer","data":"32HFXHCGTA8KJ3J6HSePKMwuVz5ly/fyWIUNnwGemSo="}},"iObmUTF/k4YTB6mjXZU/EsZHSfzozrnQlg5M3ZsjKF8=":{"valueMac":{"type":"Buffer","data":"AYEEc1cx4THkwB1QRiUjDYTRfe4gb8SofgLPGAQbUC8="}},"WV2gqFr1peiZHAXWbRpjffl2OMSq4ha9kyAxmx1HOQU=":{"valueMac":{"type":"Buffer","data":"RVMSnsFHx/zyssjym9TKORu6LZ1rTU9ZPXaFnDituHE="}},"BgVD2prml1TQB6mwfAMuTDntGNEIHhn1rQTrMwQfukg=":{"valueMac":{"type":"Buffer","data":"MPPQ+wxUFM1L9o2tAgZpdIXx7RI0fHDh7XR571EKvxk="}},"MCNoFjRYSXTcNQ17mavKQD69mI/FnjuPuYqqpMW4rME=":{"valueMac":{"type":"Buffer","data":"qfDV+xobZTSqWFfI3NGsCAKen5SwB2+MlYpj3myv2LA="}},"vbDTmJHxPv/f5PBpwb0ltY7nIYNvxThZ7bDSLLLqjIA=":{"valueMac":{"type":"Buffer","data":"qw96rlDsCEECU6TlWZpNuDPEjCNVUgnPXjArL8WbG0I="}},"5IMbomaZKCHHhuAwfSgM9G9/r+rvxmoork2t8HQpou4=":{"valueMac":{"type":"Buffer","data":"c+U6Pph1W8rsKwpVdymTJFNEqlYrdbvC7nhYSQ7GB3k="}},"EQmG9lsAOxhziEHT0RRg2uD7hgfpla8RGEf3VvxQGc0=":{"valueMac":{"type":"Buffer","data":"Tgt6aRq4e8rN9ODsWc19d6b8qnPsJk2G9lROOCV6JVI="}},"LKVUHVX3yimtsvf8dsnT5dXTt0bBPMMVxUnVQwDnqJ0=":{"valueMac":{"type":"Buffer","data":"ZbzrDJ5g9pjQRTwA3qwojsVUFoNbNOL/HpFhMqJdhDI="}},"/HCosPM/aGv365LRUXz4zX/I3VXJOOpe/qw6S9xqRIk=":{"valueMac":{"type":"Buffer","data":"HpZ4PEL3iR0cMIUzDWPL9U0rdTKJb4GC8o/LrLvZgiY="}},"647UBN+MYSgLieJtyyKhlYaSU+SYtVAWs58LK9O0Rxg=":{"valueMac":{"type":"Buffer","data":"pFFilPBP6YuogEajI0uJJV3uhjpIw295/FJYPMDf9UU="}},"kxSgUToppsdwJ8CKHyEhWQXi2itxiOgRxmkBfOIs/hI=":{"valueMac":{"type":"Buffer","data":"CiVm7/03AGGtZb/vqjHjLtpixqEsSJ8M8SBzZyG+jBI="}},"29kC0XvjPe7YOGnY/YlnXXOWoks6igTpyB+PHesv/x0=":{"valueMac":{"type":"Buffer","data":"0zgCFtffuiXqgX9uaN2vJlsH0eFIMwqeFk1j0+X8RSM="}},"05ehbLiqCHny7uRNU11Jf6vbDs4+tLGFF7hjwzbkg4U=":{"valueMac":{"type":"Buffer","data":"3m+xXVIl4YCsqxoL+eeiQlemFjX20pk+jFYUbWb1z8w="}},"QlupcfO+H8SExiXUTCJdqr8BdMgUevOXOt+z2hekd6s=":{"valueMac":{"type":"Buffer","data":"NimAp3Fy+0wUPw3692ozgXIsf61vzITIThyOz4ebZpw="}},"IzR0QjFiA0HoHPDYjO1h3y8jy6CYz4aKWQL6F80GOu0=":{"valueMac":{"type":"Buffer","data":"GI+wK6ljDizTVkDlqT1vbnc2Awj8azYbafqmuzkaHS8="}}}}