{"noiseKey":{"private":{"type":"Buffer","data":"SNfr3UvsBaEIrRmovVKyCSJyMCHmRYjiuTx1W1yWT0E="},"public":{"type":"Buffer","data":"j0GCOdHUFvkL0C60atgQQBd4fJ6GV8Q876DaLmjgvzA="}},"signedIdentityKey":{"private":{"type":"Buffer","data":"gMAuWFkoRbLRiIn2JcrmWimLjl1PIqlZ9vaGdXAFa24="},"public":{"type":"Buffer","data":"B0Zn4X3cJDabURr/Ae/vyIBz2Lho8eUqm9Nk/N2PeC4="}},"signedPreKey":{"keyPair":{"private":{"type":"Buffer","data":"iO0KowL95ayL1WKnT0tsTF3h+MNlkdEgxsw4cQX0hnc="},"public":{"type":"Buffer","data":"qF24dnUNqdKb4Tu03YYOBQfS1KfhKYmEETBxV7Yv2Qw="}},"signature":{"type":"Buffer","data":"NcWeZR2Ofgm1bUbApd0gvfvF5kUF6+a9aciGQAk0OqOJb889/U0c+f9tvbtyoduX4C6iyJTeIA6Ya+fePJ3qhw=="},"keyId":1},"registrationId":25,"advSecretKey":"Z63PJNnwxjJlK/bxzJdhpWZRqceRrokNtbfmG48nndo=","processedHistoryMessages":[{"key":{"remoteJid":"6285707101183@s.whatsapp.net","fromMe":true,"id":"EAD6A4B2A75B52EA3A1E3F99BB1EBC79"},"messageTimestamp":1685628068},{"key":{"remoteJid":"6285707101183@s.whatsapp.net","fromMe":true,"id":"1A0896F046928FD774EEB0448151C497"},"messageTimestamp":1685628069},{"key":{"remoteJid":"6285707101183@s.whatsapp.net","fromMe":true,"id":"B1E03C834041C70B2DAB9F395BEB6F45"},"messageTimestamp":1685628094},{"key":{"remoteJid":"6285707101183@s.whatsapp.net","fromMe":true,"id":"EFFDA34F3F55E99F1CF504F0A9AE1263"},"messageTimestamp":1685628117}],"nextPreKeyId":31,"firstUnuploadedPreKeyId":31,"accountSyncCounter":1,"accountSettings":{"unarchiveChats":false},"account":{"details":"CI3Gq84CEJjJ4qMGGAI=","accountSignatureKey":"07x/9LabC5DkUf7Qjqbgc09YQRv7vE9fOlKMlcl4umc=","accountSignature":"zGb18jLy95ZXKiVSLcnDn6fLtSpUdDFEOPGb+Bi3eGuHVraNA6ULI5+elG8G/AqoknAMy4Op27b0WddTtrs2Dg==","deviceSignature":"LV4jp+HZueCQ8T3Z5Yh2IJVnzbuzokOldYr3CxKppeIvcXomdnAnNo/tRhyzlxs7fhycJNTDRJS4hUZSuWYTjQ=="},"me":{"id":"6285707101183:2@s.whatsapp.net","name":"who"},"signalIdentities":[{"identifier":{"name":"6285707101183:2@s.whatsapp.net","deviceId":0},"identifierKey":{"type":"Buffer","data":"BdO8f/S2mwuQ5FH+0I6m4HNPWEEb+7xPXzpSjJXJeLpn"}}],"platform":"smba","lastAccountSyncTimestamp":1685628228,"myAppStateKeyId":"AAAAAAi1"}