{"_sessions":{"BazupdJv8wBM8Zn7VXRD4k/lpCW3FTj7jRjyPuUtbtdU":{"registrationId":1798986844,"currentRatchet":{"ephemeralKeyPair":{"pubKey":"Be2cxnBoyMxwP/6PtDUnQi/RtCm/RM+dZgdlv0tu7QU+","privKey":"wCK19hCYPKbjwar77FPEiDGgSv2JvGjAPLyxfp0eMkI="},"lastRemoteEphemeralKey":"BYeznc97g+rqWeS9wAKvJ7Fwn2xnIrhHXsjfxg3gtttf","previousCounter":0,"rootKey":"hh3nmtsVbRbGN5M+vBtlvRG7v3qMnXDBB3JIQf6AEiI="},"indexInfo":{"baseKey":"BazupdJv8wBM8Zn7VXRD4k/lpCW3FTj7jRjyPuUtbtdU","baseKeyType":2,"closed":-1,"used":1685628426175,"created":1685628426175,"remoteIdentityKey":"BaCR+pX6y7EQRyvzanQYCS8ONujWFhxWOHwV1QbstL8P"},"_chains":{"BYeznc97g+rqWeS9wAKvJ7Fwn2xnIrhHXsjfxg3gtttf":{"chainKey":{"counter":0,"key":"ubGSLNkUEhUYXMomAjfPbbIEvTjH16vD6pQUbvgKd+8="},"chainType":2,"messageKeys":{}},"Be2cxnBoyMxwP/6PtDUnQi/RtCm/RM+dZgdlv0tu7QU+":{"chainKey":{"counter":-1,"key":"+BnydQhbM4PMUSN7R8AaMRXSFX0GQv5eS0tnGQVWSRs="},"chainType":1,"messageKeys":{}}}}},"version":"v1"}