{"_sessions":{"BQyoTYOpDrhWB1VcHUjeE1F8NqfV95SQeMTCMLdZLqRp":{"registrationId":1121169393,"currentRatchet":{"ephemeralKeyPair":{"pubKey":"BVQ4yXOqbMY63sLeJCPfEuu28IvETv2gPqmwwoaDIep1","privKey":"MLtaCVFKKYlDfnux8kAIrZWNKpX1y6IojRH721TbBF8="},"lastRemoteEphemeralKey":"BZo7ZoZjtuBS47M0ZmLa3Lzughn+Ud08vYDCUW4uHisE","previousCounter":1,"rootKey":"sBJGSWhnmi6DFV/1dF0wFpzHQEk8BCffHc+KpmOIiSU="},"indexInfo":{"baseKey":"BQyoTYOpDrhWB1VcHUjeE1F8NqfV95SQeMTCMLdZLqRp","baseKeyType":1,"closed":-1,"used":1685628877854,"created":1685628559552,"remoteIdentityKey":"BePffKh3uI8vMUNGM26WNM4KqEdlzA3gQErBq8EoG6AX"},"_chains":{"BW5+qvRI8gPFkBUy+Q7EwI/PePKBKa/nuWcQU1WB++An":{"chainKey":{"counter":2},"chainType":2,"messageKeys":{}},"BcpjmeUdX1ug9+l7BMLU7HAOILqeArNXpwfYEGbP/qhC":{"chainKey":{"counter":2},"chainType":2,"messageKeys":{}},"Bdm50TzyTy9jxCIKe71MK7xNnFG7vNNg8Nnt6ts8R9cy":{"chainKey":{"counter":0},"chainType":2,"messageKeys":{}},"BStqEOuP5BQFmiJcqpE4cX64cwj0EqDs+qTwUHSBln0x":{"chainKey":{"counter":0},"chainType":2,"messageKeys":{}},"BeFSKeN9W0ILU7UbpJIlSWAqmzNGEeMLq5OP+aaG9UZr":{"chainKey":{"counter":0},"chainType":2,"messageKeys":{}},"BQWzW5H4Ims4576iHl9lJ4DfBNmyIw4Wu/VEv/xVgVE0":{"chainKey":{"counter":1},"chainType":2,"messageKeys":{"1":"7r8QwNL+8b0Ssu1S1OP5WkihNfcpWzbtas4nY5DmJME="}},"BZo7ZoZjtuBS47M0ZmLa3Lzughn+Ud08vYDCUW4uHisE":{"chainKey":{"counter":2,"key":"0OvoHWg5tZ0Ug9CrphLkDIRFi9RL+wxYM6AbrEvw5ag="},"chainType":2,"messageKeys":{}},"BVQ4yXOqbMY63sLeJCPfEuu28IvETv2gPqmwwoaDIep1":{"chainKey":{"counter":0,"key":"J7QR0tcSc1FqWzqkiFG3eXnBNlWEH2ckKIPyKImLOsk="},"chainType":1,"messageKeys":{}}}}},"version":"v1"}