{"_sessions":{"BTpean1055iI0rgm6Gn3evrvbih6zOYosIQztZ5mYMAD":{"registrationId":1565010068,"currentRatchet":{"ephemeralKeyPair":{"pubKey":"BRWPcMjwfAArVPlTOQlPbW0mefbHdyX+UgZgWBlbuBQv","privKey":"eIyrGQdwTBw9dOqmgyawfnocujC/cYFGC8OavsY3v3M="},"lastRemoteEphemeralKey":"BQWrMArQw2HGyq22moS/DwrSu1CmaLdXjpcoxEZAh0oM","previousCounter":0,"rootKey":"oK9kplvSmJWMCTUT5C2Z4zuk46O9+DF+bFVVp1fbE60="},"indexInfo":{"baseKey":"BTpean1055iI0rgm6Gn3evrvbih6zOYosIQztZ5mYMAD","baseKeyType":1,"closed":-1,"used":1685628559558,"created":1685628559558,"remoteIdentityKey":"BdO8f/S2mwuQ5FH+0I6m4HNPWEEb+7xPXzpSjJXJeLpn"},"_chains":{"BRWPcMjwfAArVPlTOQlPbW0mefbHdyX+UgZgWBlbuBQv":{"chainKey":{"counter":8,"key":"aWmDtymL6uFZoysta3OoUML4UY5p+mVnLG+nCSu2fZ0="},"chainType":1,"messageKeys":{}}},"pendingPreKey":{"signedKeyId":4,"baseKey":"BTpean1055iI0rgm6Gn3evrvbih6zOYosIQztZ5mYMAD","preKeyId":5823683}}},"version":"v1"}