{"_sessions":{"BQ7KikRBHWJtgytqSdcuUtabahF2B59bu95benOM4HFq":{"registrationId":1659273791,"currentRatchet":{"ephemeralKeyPair":{"pubKey":"BXfnXT84NnHInejdhkd4vfT83HCIRLodqV+gpvHbRBhy","privKey":"OD4q5xhi87vLyzEMd/jNGE8cFIIKJxs9ugksOLnex0s="},"lastRemoteEphemeralKey":"BZxhqZNL6qxaLDE/u+VW7+piodNSJ66uz5rSkngbH4g6","previousCounter":0,"rootKey":"KN8vxcV2RG6p3NUzWXTgqXIf389TLIDGPS4lJj4jhpA="},"indexInfo":{"baseKey":"BQ7KikRBHWJtgytqSdcuUtabahF2B59bu95benOM4HFq","baseKeyType":1,"closed":-1,"used":1685628060174,"created":1685628060174,"remoteIdentityKey":"BRtcm8Q16WwQswarBAjS2UPguUIbsWC6VOdKKoIv2PZk"},"_chains":{"BXfnXT84NnHInejdhkd4vfT83HCIRLodqV+gpvHbRBhy":{"chainKey":{"counter":4,"key":"m5exQpcRtpsWPdF8zsHqEgy7cFBhZx3tT0hDk674FYA="},"chainType":1,"messageKeys":{}}},"pendingPreKey":{"signedKeyId":3,"baseKey":"BQ7KikRBHWJtgytqSdcuUtabahF2B59bu95benOM4HFq","preKeyId":10825702}}},"version":"v1"}