{"_sessions":{"BV/7sF3cE5ZcuWHHq2QZNoWdBBrxM9jUXZfW5NNQil9j":{"registrationId":49,"currentRatchet":{"ephemeralKeyPair":{"pubKey":"BfpPy+KqKU3X98oCtQHrelIfY0K4Lzvpmg7ltK4aGf4g","privKey":"OOehsyQu2F1Eir+OthwG101QeQ+z/7Bd7voYAovCBFk="},"lastRemoteEphemeralKey":"BZr6qGrfZcL0+ny9tzhMxCt11Ufh4gjvVQAAf6DlfxMM","previousCounter":0,"rootKey":"njX02gv3W7o4s2vVG2+NG5YUT0HWHI9N+jCIPm2ZWP8="},"indexInfo":{"baseKey":"BV/7sF3cE5ZcuWHHq2QZNoWdBBrxM9jUXZfW5NNQil9j","baseKeyType":1,"closed":-1,"used":1685628559546,"created":1685628559546,"remoteIdentityKey":"BTF1SKhHy6H1B62Goph03rM7uHiyLiaLbIjuZLibsfBU"},"_chains":{"BfpPy+KqKU3X98oCtQHrelIfY0K4Lzvpmg7ltK4aGf4g":{"chainKey":{"counter":8,"key":"0dLSOcw7l6bXVzipXof0uv8AsEKIlDaLjnBQtOreZ8g="},"chainType":1,"messageKeys":{}}},"pendingPreKey":{"signedKeyId":1,"baseKey":"BV/7sF3cE5ZcuWHHq2QZNoWdBBrxM9jUXZfW5NNQil9j","preKeyId":12}}},"version":"v1"}