{"_sessions":{"Be8UVJdH7HdcE+2Bp4dJpwuxEst/jZwK4FmWj375EhNA":{"registrationId":179111261,"currentRatchet":{"ephemeralKeyPair":{"pubKey":"BRKN+nRDjdLSBr3ERvQTWvB2nZxKYa63mfjZLtdSV9Ja","privKey":"yM4VSv/udludpJzb6SVc3XuvYGjcpmr4BMEYs56Rj1Q="},"lastRemoteEphemeralKey":"BfcY3DCslvYCkavY7TIg47e9qHDun3nNoYImT+mYKLJL","previousCounter":0,"rootKey":"mvkyNDtXmGe7kfla80qEaleAtaB+gZiY4+sGt9z563U="},"indexInfo":{"baseKey":"Be8UVJdH7HdcE+2Bp4dJpwuxEst/jZwK4FmWj375EhNA","baseKeyType":2,"closed":-1,"used":1685628672798,"created":1685628672798,"remoteIdentityKey":"BT0WvtvGJ+zKJvPel/6wdxGzQyHgeFsWMnu6sfcUCewJ"},"_chains":{"BfcY3DCslvYCkavY7TIg47e9qHDun3nNoYImT+mYKLJL":{"chainKey":{"counter":0,"key":"8cRbcg1ae1ejy7+OmVPYiTAQgEzq2DTrHkdS00ar7OA="},"chainType":2,"messageKeys":{}},"BRKN+nRDjdLSBr3ERvQTWvB2nZxKYa63mfjZLtdSV9Ja":{"chainKey":{"counter":-1,"key":"Xw5etVdhu0CE8rvehbNBde+EDVQOfs9ZbCnVeVDHj74="},"chainType":1,"messageKeys":{}}}}},"version":"v1"}